H-101,John Doe,15/05/1985,john.doe@example.com,R-208,O-202,R-62201316
H-102,Jane Smith,22/11/1990,jane.smith@example.com,R-209 R-206,O-213 O-204,R-56029395 R-40385493
H-103,Mike Johnson,08/09/1978,mike.johnson@example.com,C-110,O-205,R-44238166
H-104,Emily Davis,30/03/1995,emily.davis@example.com,C-106 R-201,O-214 O-215,R-36903928 R-25568121
H-105,Chris Brown,12/12/1980,chris.brown@example.com,R-204 R-206,O-203 O-210,R-43822345 R-57689913
H-106,Sophia Wilson,27/07/1988,sophia.wilson@example.com,C-103 C-107 C-105,O-208 O-211 O-209,R-12742011 R-20554885 R-52368406
H-107,James Taylor,10/10/1992,james.taylor@example.com,C-101,O-212,R-69983134
H-108,Olivia Moore,19/02/1983,olivia.moore@example.com,R-207,O-210,R-21056022
H-109,Liam Anderson,05/06/1996,liam.anderson@example.com,C-107,O-211,R-20554885
H-110,Emma Thomas,13/01/1984,emma.thomas@example.com,C-104 R-201,O-207 O-215,R-97900321 R-25568121
H-111,Noah White,03/08/1987,noah.white@example.com,R-210 R-202 R-206,O-206 O-215 O-204,R-12434855 R-94678365 R-40385493
H-112,Ava Harris,09/04/1991,ava.harris@example.com,C-108,O-201,R-10751786
H-113,Lucas Martin,14/12/1993,lucas.martin@example.com,C-101 R-202,O-212 O-215,R-69983134 R-94678365
H-114,Mia Thompson,21/07/1982,mia.thompson@example.com,C-104 C-105 R-203,O-207 O-209 O-201,R-97900321 R-52368406 R-48996007
H-115,Ethan Garcia,28/09/1986,ethan.garcia@example.com,R-210,O-206,R-12434855
